Year,Year Code,Country Name,Country Code,Current health expenditure (% of GDP) [SH.XPD.CHEX.GD.ZS],"Public spending on education, total (% of GDP) [SE.XPD.TOTL.GD.ZS]","Incidence of HIV, all (per 1,000 uninfected population) [SH.HIV.INCD.TL.P3]"
2017,YR2017,Afghanistan,AFG,12.62081718,3.37331008911133,0.04
2017,YR2017,Africa Eastern and Southern,AFE,6.14907442367817,5.02312994003296,1.46880147501778
2017,YR2017,Africa Western and Central,AFW,3.78963052268832,3.43119990825654,0.490048983467965
2017,YR2017,Albania,ALB,5.01263571,3.61172008514404,0.04
2017,YR2017,Algeria,DZA,6.27938414,6.50538015365601,0.04
2017,YR2017,American Samoa,ASM,..,..,..
2017,YR2017,Andorra,AND,6.58945513,3.21708989143372,..
2017,YR2017,Angola,AGO,2.79150295,2.46688008308411,0.91
2017,YR2017,Antigua and Barbuda,ATG,4.87493944,2.44847989082336,..
2017,YR2017,Arab World,ARB,5.28079475147091,..,0.039243356988246
2017,YR2017,Argentina,ARG,10.44225502,5.45431995391846,0.14
2017,YR2017,Armenia,ARM,10.36270523,2.70759010314941,0.09
2017,YR2017,Aruba,ABW,..,..,..
2017,YR2017,Australia,AUS,9.26682281,5.12790012359619,0.04
2017,YR2017,Austria,AUT,10.38460541,5.3718900680542,..
2017,YR2017,Azerbaijan,AZE,3.73651457,2.47381997108459,0.05
2017,YR2017,"Bahamas, The",BHS,6.6088872,2.41849994659424,0.38
2017,YR2017,Bahrain,BHR,4.74279165,2.32452011108398,..
2017,YR2017,Bangladesh,BGD,2.43180156,..,..
2017,YR2017,Barbados,BRB,6.62216997,4.36638021469116,..
2017,YR2017,Belarus,BLR,5.75974846,4.79499006271362,0.2
2017,YR2017,Belgium,BEL,10.78312588,6.42534017562866,..
2017,YR2017,Belize,BLZ,5.79241371,7.45028018951416,0.56
2017,YR2017,Benin,BEN,2.61910868,3.53558993339539,0.31
2017,YR2017,Bermuda,BMU,..,1.32495999336243,..
2017,YR2017,Bhutan,BTN,3.3407371,7.2257399559021,0.11
2017,YR2017,Bolivia,BOL,6.4901948,..,0.1
2017,YR2017,Bosnia and Herzegovina,BIH,8.93797779,..,..
2017,YR2017,Botswana,BWA,6.13453388,7.09999990463257,5.31
2017,YR2017,Brazil,BRA,9.47124863,6.32047986984253,0.23
2017,YR2017,British Virgin Islands,VGB,..,2.66543006896973,..
2017,YR2017,Brunei Darussalam,BRN,2.27036428,..,..
2017,YR2017,Bulgaria,BGR,7.5206337,4.09102010726929,..
2017,YR2017,Burkina Faso,BFA,6.02940798,5.62846994400024,0.12
2017,YR2017,Burundi,BDI,7.90301847,4.76202011108398,0.21
2017,YR2017,Cabo Verde,CPV,5.27825785,5.18174982070923,..
2017,YR2017,Cambodia,KHM,5.72757244,..,0.08
2017,YR2017,Cameroon,CMR,3.49216461,3.15481996536255,0.86
2017,YR2017,Canada,CAN,10.83538342,..,..
2017,YR2017,Caribbean small states,CSS,6.25991417083316,4.41071999073029,0.43899031936459
2017,YR2017,Cayman Islands,CYM,..,..,..
2017,YR2017,Central African Republic,CAF,6.6654377,1.75364995002747,..
2017,YR2017,Central Europe and the Baltics,CEB,6.56187285786879,4.09102010726929,..
2017,YR2017,Chad,TCD,4.55722904,2.45481991767883,0.33
2017,YR2017,Channel Islands,CHI,..,..,..
2017,YR2017,Chile,CHL,9.06854153,5.41966009140015,0.27
2017,YR2017,China,CHN,5.06592178,3.66744995117188,..
2017,YR2017,Colombia,COL,7.67864275,4.53551006317139,0.19
2017,YR2017,Comoros,COM,5.26807404,..,0.01
2017,YR2017,"Congo, Dem. Rep.",COD,4.15646648,1.45494997501373,0.28
2017,YR2017,"Congo, Rep.",COG,2.51812744,4.44296979904175,1.86
2017,YR2017,Costa Rica,CRI,7.04522943,7.06980991363525,0.25
2017,YR2017,Cote d'Ivoire,CIV,3.30509853,3.80347990989685,0.43
2017,YR2017,Croatia,HRV,6.75844765,3.90566992759705,0.02
2017,YR2017,Cuba,CUB,11.7113266,..,0.18
2017,YR2017,Curacao,CUW,..,..,..
2017,YR2017,Cyprus,CYP,6.59893894,5.75416994094849,..
2017,YR2017,Czech Republic,CZE,7.14152622,3.80615997314453,..
2017,YR2017,Denmark,DNK,10.03963375,7.75243997573853,0.03
2017,YR2017,Djibouti,DJI,2.46476841,3.74855995178223,0.17
2017,YR2017,Dominica,DMA,5.45470619,4.7667498588562,..
2017,YR2017,Dominican Republic,DOM,5.83058023,3.92026996612549,0.33
2017,YR2017,Early-demographic dividend,EAR,4.98915818571992,4.35768985748291,0.217276130844531
2017,YR2017,East Asia & Pacific,EAS,6.49685135235294,4.08553981781006,..
2017,YR2017,East Asia & Pacific (excluding high income),EAP,4.81332779548211,3.87649488449097,..
2017,YR2017,East Asia & Pacific (IDA & IBRD countries),TEA,4.81351704873268,3.87649488449097,..
2017,YR2017,Ecuador,ECU,7.42857885,4.61426019668579,0.14
2017,YR2017,"Egypt, Arab Rep.",EGY,5.63305616,..,0.03
2017,YR2017,El Salvador,SLV,7.21280336,3.7252299785614,0.17
2017,YR2017,Equatorial Guinea,GNQ,2.95976138,..,..
2017,YR2017,Eritrea,ERI,3.72767901,..,0.09
2017,YR2017,Estonia,EST,6.59183788,4.95629978179932,0.17
2017,YR2017,Eswatini,SWZ,6.98103666,6.13809013366699,8.64
2017,YR2017,Ethiopia,ETH,3.45336151,5.64951992034912,0.17
2017,YR2017,Euro area,EMU,10.1674158010238,4.88274002075195,0.0541996784756187
2017,YR2017,Europe & Central Asia,ECS,9.25308538079672,4.78077983856201,..
2017,YR2017,Europe & Central Asia (excluding high income),ECA,5.13371427789461,4.09102010726929,..
2017,YR2017,Europe & Central Asia (IDA & IBRD countries),TEC,5.34940312830832,4.09102010726929,..
2017,YR2017,European Union,EUU,9.88456863376329,4.61972999572754,..
2017,YR2017,Faroe Islands,FRO,..,8.23338031768799,..
2017,YR2017,Fiji,FJI,3.18689561,4.65118980407715,0.14
2017,YR2017,Finland,FIN,9.12670135,6.36311006546021,..
2017,YR2017,Fragile and conflict affected situations,FCS,4.56102791684018,2.70759010314941,0.488513024571267
2017,YR2017,France,FRA,11.33276176,5.45160007476807,..
2017,YR2017,French Polynesia,PYF,..,..,..
2017,YR2017,Gabon,GAB,2.78068829,3.32680988311768,0.69
2017,YR2017,"Gambia, The",GMB,4.14472675,2.45918989181519,1
2017,YR2017,Georgia,GEO,7.05804443,3.57442998886108,0.16
2017,YR2017,Germany,DEU,11.32935143,4.88274002075195,0.03
2017,YR2017,Ghana,GHA,3.35796332,3.62737989425659,0.78
2017,YR2017,Gibraltar,GIB,..,..,..
2017,YR2017,Greece,GRC,8.10309219,3.47220993041992,0.04
2017,YR2017,Greenland,GRL,..,11.0285596847534,..
2017,YR2017,Grenada,GRD,4.65701056,3.17379999160767,..
2017,YR2017,Guam,GUM,..,..,..
2017,YR2017,Guatemala,GTM,6.13921785,2.95009994506836,0.06
2017,YR2017,Guinea,GIN,3.91060591,2.3203399181366,0.59
2017,YR2017,Guinea-Bissau,GNB,7.00049543,2.20000004768372,1.18
2017,YR2017,Guyana,GUY,4.31911182,4.6647801399231,0.49
2017,YR2017,Haiti,HTI,4.78747177,1.5911899805069,0.59
2017,YR2017,Heavily indebted poor countries (HIPC),HPC,4.83207957003094,3.62737989425659,0.747878731233701
2017,YR2017,High income,HIC,12.4122017359309,4.88274002075195,0.0774369318916071
2017,YR2017,Honduras,HND,6.98996687,4.93701982498169,0.08
2017,YR2017,"Hong Kong SAR, China",HKG,..,3.31010007858276,..
2017,YR2017,Hungary,HUN,6.75595856,4.61972999572754,..
2017,YR2017,IBRD only,IBD,..,..,..
2017,YR2017,Iceland,ISL,8.30908108,7.58385992050171,0.04
2017,YR2017,IDA & IBRD total,IBT,5.35297820370461,3.91296994686127,0.323034025495673
2017,YR2017,IDA blend,IDB,..,..,..
2017,YR2017,IDA only,IDX,..,..,..
2017,YR2017,IDA total,IDA,..,..,..
2017,YR2017,India,IND,2.93597651,..,0.05
2017,YR2017,Indonesia,IDN,2.90417194,2.6699800491333,0.13
2017,YR2017,"Iran, Islamic Rep.",IRN,8.42790699,3.79040002822876,0.03
2017,YR2017,Iraq,IRQ,4.19215298,..,..
2017,YR2017,Ireland,IRL,7.06397724,3.46884989738464,0.08
2017,YR2017,Isle of Man,IMN,..,..,..
2017,YR2017,Israel,ISR,7.28954744,6.10272979736328,..
2017,YR2017,Italy,ITA,8.6777401,4.04493999481201,0.06
2017,YR2017,Jamaica,JAM,6.14843798,5.26016998291016,0.6
2017,YR2017,Japan,JPN,10.65627003,..,0.01
2017,YR2017,Jordan,JOR,7.98199606,3.22853994369507,0.01
2017,YR2017,Kazakhstan,KAZ,3.05244446,2.75081992149353,0.17
2017,YR2017,Kenya,KEN,4.1409831,5.36668014526367,0.93
2017,YR2017,Kiribati,KIR,10.68678665,10.8631601333618,..
2017,YR2017,"Korea, Dem. People's Rep.",PRK,..,..,..
2017,YR2017,"Korea, Rep.",KOR,7.10694933,4.32823991775513,..
2017,YR2017,Kosovo,XKX,..,..,..
2017,YR2017,Kuwait,KWT,4.65326786,6.3654899597168,..
2017,YR2017,Kyrgyz Republic,KGZ,6.18586302,6.02618980407715,0.11
2017,YR2017,Lao PDR,LAO,2.52606821,..,0.14
2017,YR2017,Late-demographic dividend,LTE,5.64229803618433,4.22944498062134,..
2017,YR2017,Latin America & Caribbean,LCN,8.14816911320689,4.42176485061646,0.194665854126131
2017,YR2017,Latin America & Caribbean (excluding high income),LAC,8.10095718019992,4.43795490264892,0.195740370385997
2017,YR2017,Latin America & the Caribbean (IDA & IBRD countries),TLA,8.0882664227616,4.42176485061646,0.194821723387901
2017,YR2017,Latvia,LVA,5.97031736,4.37029981613159,..
2017,YR2017,Least developed countries: UN classification,LDC,4.05385158290955,3.45445001125336,0.723895664355291
2017,YR2017,Lebanon,LBN,7.7873559,2.13294005393982,0.03
2017,YR2017,Lesotho,LSO,10.08778667,8.15688991546631,6.83
2017,YR2017,Liberia,LBR,9.09297276,2.76128005981445,0.38
2017,YR2017,Libya,LBY,..,..,0.04
2017,YR2017,Liechtenstein,LIE,..,..,..
2017,YR2017,Lithuania,LTU,6.47513723,3.81220006942749,..
2017,YR2017,Low & middle income,LMY,5.30582722883547,3.92026996612549,0.324666858087101
2017,YR2017,Low income,LIC,5.39928153707008,2.98144006729126,0.564836260493185
2017,YR2017,Lower middle income,LMC,3.87162572718393,4.37884497642517,0.216148450879942
2017,YR2017,Luxembourg,LUX,5.25779152,3.56959009170532,..
2017,YR2017,"Macao SAR, China",MAC,..,2.70557999610901,..
2017,YR2017,Madagascar,MDG,4.84431553,2.8364200592041,0.21
2017,YR2017,Malawi,MWI,10.88755989,4.03133010864258,1.88
2017,YR2017,Malaysia,MYS,3.70413661,4.6753101348877,0.15
2017,YR2017,Maldives,MDV,9.24117565,3.88747000694275,..
2017,YR2017,Mali,MLI,3.67425632,3.78976988792419,0.33
2017,YR2017,Malta,MLT,8.89494133,4.65162992477417,..
2017,YR2017,Marshall Islands,MHL,16.07778358,..,..
2017,YR2017,Mauritania,MRT,3.33722878,..,..
2017,YR2017,Mauritius,MUS,5.80943251,5.02312994003296,0.8
2017,YR2017,Mexico,MEX,5.45759058,4.51821994781494,0.16
2017,YR2017,"Micronesia, Fed. Sts.",FSM,12.21438789,12.4164199829102,..
2017,YR2017,Middle East & North Africa,MEA,5.96617438819663,4.2559700012207,0.0326333597039289
2017,YR2017,Middle East & North Africa (excluding high income),MNA,6.63937476830553,..,0.0302183016985931
2017,YR2017,Middle East & North Africa (IDA & IBRD countries),TMN,6.63937476830553,..,0.0302183016985931
2017,YR2017,Middle income,MIC,5.30474480504859,4.09102010726929,..
2017,YR2017,Moldova,MDA,7.01328516,5.6184401512146,0.27
2017,YR2017,Monaco,MCO,1.64274836,1.45792996883392,..
2017,YR2017,Mongolia,MNG,4.0050602,4.08859014511108,0.01
2017,YR2017,Montenegro,MNE,7.98255444,..,0.04
2017,YR2017,Morocco,MAR,5.23467541,..,0.03
2017,YR2017,Mozambique,MOZ,7.75916147,5.50555992126465,4.36
2017,YR2017,Myanmar,MMR,5.08065748,2.08768010139465,..
2017,YR2017,Namibia,NAM,8.72573948,9.75998020172119,3.66
2017,YR2017,Nauru,NRU,11.5623312,..,..
2017,YR2017,Nepal,NPL,4.72173262,4.76722002029419,0.04
2017,YR2017,Netherlands,NLD,10.1082983,5.17509984970093,0.03
2017,YR2017,New Caledonia,NCL,..,..,..
2017,YR2017,New Zealand,NZL,9.01967621,6.25973987579346,0.03
2017,YR2017,Nicaragua,NIC,8.33672619,4.35768985748291,0.12
2017,YR2017,Niger,NER,5.57411432,2.5771598815918,0.06
2017,YR2017,Nigeria,NGA,3.75336528,..,0.49
2017,YR2017,North America,NAC,16.3411911323568,..,0.12
2017,YR2017,North Macedonia,MKD,6.5939827,..,..
2017,YR2017,Northern Mariana Islands,MNP,..,..,..
2017,YR2017,Norway,NOR,10.31589031,7.91198015213013,0.02
2017,YR2017,Not classified,INX,..,..,..
2017,YR2017,OECD members,OED,12.3705091490701,4.95393490791321,0.0965184453980309
2017,YR2017,Oman,OMN,3.97070861,5.84018993377686,..
2017,YR2017,Other small states,OSS,4.7900997126792,5.02312994003296,1.99450118914525
2017,YR2017,Pacific island small states,PSS,4.70342914322967,..,..
2017,YR2017,Pakistan,PAK,2.90229392,2.89951992034912,0.1
2017,YR2017,Palau,PLW,12.04422569,..,..
2017,YR2017,Panama,PAN,6.90812922,2.88224005699158,0.46
2017,YR2017,Papua New Guinea,PNG,2.22970963,1.96493005752563,0.4
2017,YR2017,Paraguay,PRY,6.60703087,3.08968997001648,0.14
2017,YR2017,Peru,PER,4.91776848,3.93130993843079,0.13
2017,YR2017,Philippines,PHL,3.960428,4.40000009536743,0.12
2017,YR2017,Poland,POL,6.5601325,4.5584602355957,..
2017,YR2017,Portugal,PRT,9.30583763,5.0156102180481,0.09
2017,YR2017,Post-demographic dividend,PST,12.8131386493344,4.91715502738952,0.0862289700459809
2017,YR2017,Pre-demographic dividend,PRE,4.17358632774775,3.63261497020722,0.812184959731797
2017,YR2017,Puerto Rico,PRI,..,..,..
2017,YR2017,Qatar,QAT,2.977561,2.96745991706848,0.04
2017,YR2017,Romania,ROU,5.1508317,3.09539008140564,0.04
2017,YR2017,Russian Federation,RUS,5.35889769,4.68990993499756,..
2017,YR2017,Rwanda,RWA,6.38999128,3.12646007537842,0.45
2017,YR2017,Samoa,WSM,5.56750727,4.18315982818604,..
2017,YR2017,San Marino,SMR,7.22321129,3.36997008323669,..
2017,YR2017,Sao Tome and Principe,STP,6.46091604,5.03636980056763,..
2017,YR2017,Saudi Arabia,SAU,6.26256323,..,0.04
2017,YR2017,Senegal,SEN,3.99707484,4.62496995925903,0.09
2017,YR2017,Serbia,SRB,8.22039318,3.71016001701355,0.02
2017,YR2017,Seychelles,SYC,4.90735865,3.67728996276855,..
2017,YR2017,Sierra Leone,SLE,9.39976025,4.63576984405518,0.83
2017,YR2017,Singapore,SGP,4.36418819,2.76826000213623,0.04
2017,YR2017,Sint Maarten (Dutch part),SXM,..,..,..
2017,YR2017,Slovak Republic,SVK,6.77144289,3.94063997268677,..
2017,YR2017,Slovenia,SVN,8.18522835,4.78077983856201,0.01
2017,YR2017,Small states,SST,5.00782718460196,5.02312994003296,1.61052779070579
2017,YR2017,Solomon Islands,SLB,4.22589684,..,..
2017,YR2017,Somalia,SOM,..,..,0.02
2017,YR2017,South Africa,ZAF,8.72262383,6.11305999755859,5.91
2017,YR2017,South Asia,SAS,2.99148426681008,3.13641500473023,0.0554815887270723
2017,YR2017,South Asia (IDA & IBRD),TSA,2.99148426681008,3.13641500473023,0.0554815887270723
2017,YR2017,South Sudan,SSD,8.23701382,..,1.35
2017,YR2017,Spain,ESP,8.9569416,4.20777988433838,0.09
2017,YR2017,Sri Lanka,LKA,3.59565234,2.79924988746643,0.01
2017,YR2017,St. Kitts and Nevis,KNA,5.59630823,..,..
2017,YR2017,St. Lucia,LCA,4.65729332,3.63348007202148,..
2017,YR2017,St. Martin (French part),MAF,..,..,..
2017,YR2017,St. Vincent and the Grenadines,VCT,4.32440805,5.7319598197937,..
2017,YR2017,Sub-Saharan Africa,SSF,5.17560778836335,3.78976988792419,1.07407613474067
2017,YR2017,Sub-Saharan Africa (excluding high income),SSA,5.17585538832908,3.78976988792419,1.07407613474067
2017,YR2017,Sub-Saharan Africa (IDA & IBRD countries),TSS,5.17560778836335,3.78976988792419,1.07407613474067
2017,YR2017,Sudan,SDN,6.05546141,..,0.09
2017,YR2017,Suriname,SUR,5.9441762,6.10751008987427,0.33
2017,YR2017,Sweden,SWE,10.78509998,7.56883001327515,..
2017,YR2017,Switzerland,CHE,11.48099899,4.9515700340271,0.03
2017,YR2017,Syrian Arab Republic,SYR,..,..,0.01
2017,YR2017,Tajikistan,TJK,7.2288146,5.83796977996826,0.13
2017,YR2017,Tanzania,TZA,4.08257437,4.4305100440979,1.83
2017,YR2017,Thailand,THA,3.84309888,3.3557300567627,0.13
2017,YR2017,Timor-Leste,TLS,6.7448473,7.10610008239746,0.1
2017,YR2017,Togo,TGO,6.49387741,3.7605299949646,0.65
2017,YR2017,Tonga,TON,5.09755182,..,..
2017,YR2017,Trinidad and Tobago,TTO,6.99457884,3.56126999855042,0.1
2017,YR2017,Tunisia,TUN,6.84927845,..,0.03
2017,YR2017,Turkey,TUR,4.17974997,..,..
2017,YR2017,Turkmenistan,TKM,6.93536758,..,..
2017,YR2017,Turks and Caicos Islands,TCA,..,2.97728991508484,..
2017,YR2017,Tuvalu,TUV,16.77852631,..,..
2017,YR2017,Uganda,UGA,4.0002389,2.26336002349854,1.64
2017,YR2017,Ukraine,UKR,7.43332481,5.41226005554199,0.25
2017,YR2017,United Arab Emirates,ARE,4.05959463,..,0.09
2017,YR2017,United Kingdom,GBR,9.80787468,5.44418001174927,..
2017,YR2017,United States,USA,16.80583572,..,0.12
2017,YR2017,Upper middle income,UMC,5.77803003304438,3.93130993843079,..
2017,YR2017,Uruguay,URY,8.82179165,4.48583984375,0.18
2017,YR2017,Uzbekistan,UZB,5.07679939,5.2813401222229,0.14
2017,YR2017,Vanuatu,VUT,2.7629149,4.53353023529053,..
2017,YR2017,"Venezuela, RB",VEN,4.66499233,1.34407997131348,0.13
2017,YR2017,Vietnam,VNM,4.71283436,4.08553981781006,0.09
2017,YR2017,Virgin Islands (U.S.),VIR,..,..,..
2017,YR2017,West Bank and Gaza,PSE,..,4.72153997421265,..
2017,YR2017,World,WLD,9.78239938210587,4.32823991775513,0.23
2017,YR2017,"Yemen, Rep.",YEM,..,..,0.03
2017,YR2017,Zambia,ZMB,4.37697697,3.72964000701904,4.31
2017,YR2017,Zimbabwe,ZWE,7.46975242,5.3810601234436,2.74
2018,YR2018,Afghanistan,AFG,14.12674332,3.19979000091553,0.04
2018,YR2018,Africa Eastern and Southern,AFE,6.20223812233942,4.95163488388062,1.321840854208
2018,YR2018,Africa Western and Central,AFW,3.39316057276209,3.06633508205414,0.463919195712838
2018,YR2018,Albania,ALB,5.23207188,..,0.04
2018,YR2018,Algeria,DZA,6.16302586,5.8663501739502,0.04
2018,YR2018,American Samoa,ASM,..,..,..
2018,YR2018,Andorra,AND,6.75162506,3.2467200756073,..
2018,YR2018,Angola,AGO,2.54010224,2.04469990730286,0.84
2018,YR2018,Antigua and Barbuda,ATG,4.85093021,2.64407992362976,..
2018,YR2018,Arab World,ARB,5.04336596061223,..,0.0390466164637799
2018,YR2018,Argentina,ARG,9.66646481,4.94551992416382,0.13
2018,YR2018,Armenia,ARM,10.00543404,2.25587010383606,0.1
2018,YR2018,Aruba,ABW,..,..,..
2018,YR2018,Australia,AUS,9.1550045,5.10789012908936,0.04
2018,YR2018,Austria,AUT,10.31750679,5.22535991668701,..
2018,YR2018,Azerbaijan,AZE,3.55621028,2.45543003082275,0.05
2018,YR2018,"Bahamas, The",BHS,5.92999935,2.30952000617981,0.31
2018,YR2018,Bahrain,BHR,4.14378214,..,..
2018,YR2018,Bangladesh,BGD,2.50803041,..,..
2018,YR2018,Barbados,BRB,6.56259155,5.42886018753052,..
2018,YR2018,Belarus,BLR,5.52699471,5.38111019134521,0.18
2018,YR2018,Belgium,BEL,10.76469994,6.37663984298706,..
2018,YR2018,Belize,BLZ,5.81922674,7.47227001190186,0.56
2018,YR2018,Benin,BEN,2.50416446,2.93396997451782,0.28
2018,YR2018,Bermuda,BMU,..,..,..
2018,YR2018,Bhutan,BTN,3.2427721,6.85084009170532,0.11
2018,YR2018,Bolivia,BOL,6.64209032,..,0.09
2018,YR2018,Bosnia and Herzegovina,BIH,8.89146042,..,..
2018,YR2018,Botswana,BWA,5.96867228,6.72133016586304,5.01
2018,YR2018,Brazil,BRA,9.46475124,6.08851003646851,0.23
2018,YR2018,British Virgin Islands,VGB,..,2.69412994384766,..
2018,YR2018,Brunei Darussalam,BRN,2.41289377,..,..
2018,YR2018,Bulgaria,BGR,7.3434248,..,..
2018,YR2018,Burkina Faso,BFA,4.90988731,5.43056011199951,0.11
2018,YR2018,Burundi,BDI,8.2447691,5.07864999771118,0.18
2018,YR2018,Cabo Verde,CPV,5.26637983,5.36885023117065,..
2018,YR2018,Cambodia,KHM,6.18275642,2.16285991668701,0.07
2018,YR2018,Cameroon,CMR,3.46510625,3.13120007514954,0.74
2018,YR2018,Canada,CAN,10.80637455,..,..
2018,YR2018,Caribbean small states,CSS,6.15506570955717,4.35002493858337,0.423647273831268
2018,YR2018,Cayman Islands,CYM,..,..,..
2018,YR2018,Central African Republic,CAF,10.99530983,1.56587994098663,..
2018,YR2018,Central Europe and the Baltics,CEB,6.57473578379784,4.26692008972168,..
2018,YR2018,Chad,TCD,4.1669445,2.25947999954224,0.3
2018,YR2018,Channel Islands,CHI,..,..,..
2018,YR2018,Chile,CHL,9.15850449,5.43316984176636,0.27
2018,YR2018,China,CHN,5.16790485,3.54249000549316,..
2018,YR2018,Colombia,COL,7.62541389,4.44910001754761,0.19
2018,YR2018,Comoros,COM,4.90244007,..,0.01
2018,YR2018,"Congo, Dem. Rep.",COD,3.30249262,..,0.25
2018,YR2018,"Congo, Rep.",COG,1.93649173,3.00147008895874,1.9
2018,YR2018,Costa Rica,CRI,7.29572248,6.7790699005127,0.28
2018,YR2018,Cote d'Ivoire,CIV,3.11891103,3.23993992805481,0.36
2018,YR2018,Croatia,HRV,6.78430557,..,0.02
2018,YR2018,Cuba,CUB,11.18745422,..,0.18
2018,YR2018,Curacao,CUW,..,..,..
2018,YR2018,Cyprus,CYP,6.77018547,..,..
2018,YR2018,Czech Republic,CZE,7.52479792,4.26692008972168,..
2018,YR2018,Denmark,DNK,10.0707159,..,0.03
2018,YR2018,Djibouti,DJI,2.26254249,3.62773990631104,0.15
2018,YR2018,Dominica,DMA,6.47454262,5.57154989242554,..
2018,YR2018,Dominican Republic,DOM,5.73288918,3.92848992347717,0.33
2018,YR2018,Early-demographic dividend,EAR,4.82222263504051,3.97974491119385,0.202258815345683
2018,YR2018,East Asia & Pacific,EAS,6.51478418873344,3.43450498580933,..
2018,YR2018,East Asia & Pacific (excluding high income),EAP,4.91540810007484,3.1331000328064,..
2018,YR2018,East Asia & Pacific (IDA & IBRD countries),TEA,4.91553799224921,3.1331000328064,..
2018,YR2018,Ecuador,ECU,7.86490965,4.6214599609375,0.14
2018,YR2018,"Egypt, Arab Rep.",EGY,4.947577,..,0.03
2018,YR2018,El Salvador,SLV,7.09307051,3.60575008392334,0.16
2018,YR2018,Equatorial Guinea,GNQ,3.06170225,..,..
2018,YR2018,Eritrea,ERI,4.12821102,..,0.08
2018,YR2018,Estonia,EST,6.68642807,5.23887014389038,0.17
2018,YR2018,Eswatini,SWZ,7.2573719,5.67916011810303,6.76
2018,YR2018,Ethiopia,ETH,3.30818701,5.06867980957031,0.15
2018,YR2018,Euro area,EMU,10.1544062195012,4.80559992790222,0.0515141428400669
2018,YR2018,Europe & Central Asia,ECS,9.28014439979259,4.67819976806641,..
2018,YR2018,Europe & Central Asia (excluding high income),ECA,5.18016997130951,4.48639988899231,..
2018,YR2018,Europe & Central Asia (IDA & IBRD countries),TEC,5.37051351704192,4.61579990386963,..
2018,YR2018,European Union,EUU,9.86761935604611,4.62730979919434,..
2018,YR2018,Faroe Islands,FRO,..,..,..
2018,YR2018,Fiji,FJI,3.42045617,4.83571004867554,0.14
2018,YR2018,Finland,FIN,9.03608513,6.26929998397827,..
2018,YR2018,Fragile and conflict affected situations,FCS,4.26323194433448,3.13120007514954,0.45278397934274
2018,YR2018,France,FRA,11.18583012,5.41316986083984,..
2018,YR2018,French Polynesia,PYF,..,..,..
2018,YR2018,Gabon,GAB,2.74500299,2.93345999717712,0.59
2018,YR2018,"Gambia, The",GMB,4.8878727,2.36543989181519,0.97
2018,YR2018,Georgia,GEO,7.11329746,3.5210599899292,0.16
2018,YR2018,Germany,DEU,11.45038891,4.99274015426636,0.03
2018,YR2018,Ghana,GHA,3.48865867,4.0041298866272,0.76
2018,YR2018,Gibraltar,GIB,..,..,..
2018,YR2018,Greece,GRC,7.95876884,3.59395003318787,0.05
2018,YR2018,Greenland,GRL,..,10.5601902008057,..
2018,YR2018,Grenada,GRD,4.57647324,3.55255007743835,..
2018,YR2018,Guam,GUM,..,..,..
2018,YR2018,Guatemala,GTM,6.12415409,3.13704991340637,0.05
2018,YR2018,Guinea,GIN,3.63913226,2.38432002067566,0.54
2018,YR2018,Guinea-Bissau,GNB,7.62560892,2.13787007331848,1.13
2018,YR2018,Guyana,GUY,4.90492487,4.45058012008667,0.46
2018,YR2018,Haiti,HTI,4.57474232,1.68210005760193,0.53
2018,YR2018,Heavily indebted poor countries (HIPC),HPC,4.65930924438868,3.31093990802765,0.683525046452919
2018,YR2018,High income,HIC,12.3396225460911,4.8984899520874,0.0729322177872884
2018,YR2018,Honduras,HND,7.21891975,6.05646991729736,0.08
2018,YR2018,"Hong Kong SAR, China",HKG,..,3.32651996612549,..
2018,YR2018,Hungary,HUN,6.54620171,4.62730979919434,..
2018,YR2018,IBRD only,IBD,..,..,..
2018,YR2018,Iceland,ISL,8.44292068,7.57405996322632,0.04
2018,YR2018,IDA & IBRD total,IBT,5.30599812609933,3.79841494560242,0.30155698357479
2018,YR2018,IDA blend,IDB,..,..,..
2018,YR2018,IDA only,IDX,..,..,..
2018,YR2018,IDA total,IDA,..,..,..
2018,YR2018,India,IND,2.95175385,..,0.05
2018,YR2018,Indonesia,IDN,2.86757827,3,0.12
2018,YR2018,"Iran, Islamic Rep.",IRN,8.4627676,3.9553599357605,0.03
2018,YR2018,Iraq,IRQ,4.24407291,..,..
2018,YR2018,Ireland,IRL,6.86017275,3.38309001922607,0.08
2018,YR2018,Isle of Man,IMN,..,..,..
2018,YR2018,Israel,ISR,7.53235054,6.1648998260498,..
2018,YR2018,Italy,ITA,8.67509365,4.2557201385498,0.06
2018,YR2018,Jamaica,JAM,5.96785641,5.41380977630615,0.59
2018,YR2018,Japan,JPN,10.74838829,..,0.01
2018,YR2018,Jordan,JOR,7.78079128,2.98481011390686,0.01
2018,YR2018,Kazakhstan,KAZ,2.8178606,2.61595010757446,0.16
2018,YR2018,Kenya,KEN,4.30564117,5.30625009536743,0.8
2018,YR2018,Kiribati,KIR,11.6983633,11.9682903289795,..
2018,YR2018,"Korea, Dem. People's Rep.",PRK,..,..,..
2018,YR2018,"Korea, Rep.",KOR,7.54388428,4.45807981491089,..
2018,YR2018,Kosovo,XKX,..,..,..
2018,YR2018,Kuwait,KWT,5.09953451,6.38917016983032,..
2018,YR2018,Kyrgyz Republic,KGZ,5.01030922,5.55267000198364,0.11
2018,YR2018,Lao PDR,LAO,2.24630332,..,0.14
2018,YR2018,Late-demographic dividend,LTE,5.63692019741223,4.44910001754761,..
2018,YR2018,Latin America & Caribbean,LCN,7.94080776393334,4.25442981719971,0.191959735556672
2018,YR2018,Latin America & Caribbean (excluding high income),LAC,7.86706755833576,4.09145987033844,0.193748315830744
2018,YR2018,Latin America & the Caribbean (IDA & IBRD countries),TLA,7.88458860279169,4.25442981719971,0.192104911403912
2018,YR2018,Latvia,LVA,6.19103575,4.24517011642456,..
2018,YR2018,Least developed countries: UN classification,LDC,3.95075338241378,3.29086494445801,0.661842180824533
2018,YR2018,Lebanon,LBN,8.67463875,2.52447009086609,0.03
2018,YR2018,Lesotho,LSO,10.90125179,7.28535985946655,5.87
2018,YR2018,Liberia,LBR,9.03880787,2.58412003517151,0.33
2018,YR2018,Libya,LBY,..,..,0.05
2018,YR2018,Liechtenstein,LIE,..,..,..
2018,YR2018,Lithuania,LTU,6.53385353,3.89495992660522,..
2018,YR2018,Low & middle income,LMY,5.25725725308765,3.71429991722107,0.303057841089917
2018,YR2018,Low income,LIC,5.02116131377135,3.19979000091553,0.507340116331049
2018,YR2018,Lower middle income,LMC,3.76076484346813,3.97974491119385,0.205171185824491
2018,YR2018,Luxembourg,LUX,5.28587103,3.66626000404358,..
2018,YR2018,"Macao SAR, China",MAC,..,2.72788000106812,..
2018,YR2018,Madagascar,MDG,4.19787312,2.87452006340027,0.19
2018,YR2018,Malawi,MWI,9.82898998,3.38193988800049,1.61
2018,YR2018,Malaysia,MYS,3.74833083,4.47959995269775,0.16
2018,YR2018,Maldives,MDV,7.65245056,3.91248989105225,..
2018,YR2018,Mali,MLI,3.73249865,3.88252997398376,0.31
2018,YR2018,Malta,MLT,8.81080437,..,..
2018,YR2018,Marshall Islands,MHL,17.00218964,..,..
2018,YR2018,Mauritania,MRT,3.57909012,..,..
2018,YR2018,Mauritius,MUS,5.86705875,4.83458995819092,0.79
2018,YR2018,Mexico,MEX,5.37870932,4.25442981719971,0.16
2018,YR2018,"Micronesia, Fed. Sts.",FSM,11.70362568,9.69705009460449,..
2018,YR2018,Middle East & North Africa,MEA,5.66438906450546,..,0.0324200467657206
2018,YR2018,Middle East & North Africa (excluding high income),MNA,6.21563413505321,..,0.0293276126898254
2018,YR2018,Middle East & North Africa (IDA & IBRD countries),TMN,6.21563413505321,..,0.0293276126898254
2018,YR2018,Middle income,MIC,5.25995397095192,3.97974491119385,..
2018,YR2018,Moldova,MDA,6.58753443,5.43973016738892,0.26
2018,YR2018,Monaco,MCO,1.59628761,..,..
2018,YR2018,Mongolia,MNG,3.85443377,6.17301988601685,0.01
2018,YR2018,Montenegro,MNE,8.34355545,..,0.04
2018,YR2018,Morocco,MAR,5.33230448,..,0.02
2018,YR2018,Mozambique,MOZ,8.09185696,5.45218992233276,4.01
2018,YR2018,Myanmar,MMR,4.89992142,1.92288994789124,..
2018,YR2018,Namibia,NAM,8.31428051,8.98805046081543,3.23
2018,YR2018,Nauru,NRU,8.63223171,..,..
2018,YR2018,Nepal,NPL,4.5284524,4.43445014953613,0.03
2018,YR2018,Netherlands,NLD,10.0318222,5.35764980316162,0.02
2018,YR2018,New Caledonia,NCL,..,..,..
2018,YR2018,New Zealand,NZL,9.21034622,6.04850006103516,0.03
2018,YR2018,Nicaragua,NIC,8.58646584,3.56255006790161,0.12
2018,YR2018,Niger,NER,5.28845072,3.44697999954224,0.06
2018,YR2018,Nigeria,NGA,3.09069371,..,0.48
2018,YR2018,North America,NAC,16.2328763278819,..,0.11
2018,YR2018,North Macedonia,MKD,6.55475044,..,..
2018,YR2018,Northern Mariana Islands,MNP,..,..,..
2018,YR2018,Norway,NOR,10.02394581,7.64411020278931,0.02
2018,YR2018,Not classified,INX,..,..,..
2018,YR2018,OECD members,OED,12.3408884908394,4.8984899520874,0.0927562279873433
2018,YR2018,Oman,OMN,4.10356855,5.20723009109497,..
2018,YR2018,Other small states,OSS,4.56726682421926,5.4590151309967,1.76067107950408
2018,YR2018,Pacific island small states,PSS,4.80416499192564,..,..
2018,YR2018,Pakistan,PAK,3.20214486,..,0.11
2018,YR2018,Palau,PLW,10.84888458,..,..
2018,YR2018,Panama,PAN,7.28005838,2.8829300403595,0.46
2018,YR2018,Papua New Guinea,PNG,2.26630354,1.8748300075531,0.4
2018,YR2018,Paraguay,PRY,6.71837997,3.28320002555847,0.13
2018,YR2018,Peru,PER,5.19757748,3.71429991722107,0.14
2018,YR2018,Philippines,PHL,3.95381904,3.1331000328064,0.13
2018,YR2018,Poland,POL,6.32764196,4.61579990386963,..
2018,YR2018,Portugal,PRT,9.4126482,4.67515993118286,0.08
2018,YR2018,Post-demographic dividend,PST,12.763586059264,4.99274015426636,0.0805450239296043
2018,YR2018,Pre-demographic dividend,PRE,3.90869433313299,3.23993992805481,0.746940796015162
2018,YR2018,Puerto Rico,PRI,..,..,..
2018,YR2018,Qatar,QAT,2.62514997,..,0.05
2018,YR2018,Romania,ROU,5.56050777,3.34474992752075,0.04
2018,YR2018,Russian Federation,RUS,5.35520792,4.67819976806641,..
2018,YR2018,Rwanda,RWA,6.6816082,3.07375001907349,0.42
2018,YR2018,Samoa,WSM,5.47191095,4.53214979171753,..
2018,YR2018,San Marino,SMR,6.91428852,3.55516004562378,..
2018,YR2018,Sao Tome and Principe,STP,5.84369802,5.23510980606079,..
2018,YR2018,Saudi Arabia,SAU,5.74845695,..,0.04
2018,YR2018,Senegal,SEN,4.23825741,4.85822010040283,0.09
2018,YR2018,Serbia,SRB,8.5316782,3.58231997489929,0.02
2018,YR2018,Seychelles,SYC,5.26916742,4.49883985519409,..
2018,YR2018,Sierra Leone,SLE,8.28987408,6.98963022232056,0.77
2018,YR2018,Singapore,SGP,4.08520222,2.64509010314941,0.03
2018,YR2018,Sint Maarten (Dutch part),SXM,..,..,..
2018,YR2018,Slovak Republic,SVK,6.70504332,3.975830078125,..
2018,YR2018,Slovenia,SVN,8.27940369,4.93603992462158,0.01
2018,YR2018,Small states,SST,4.79873938210206,5.32633996009826,1.43286939955802
2018,YR2018,Solomon Islands,SLB,3.99611521,..,..
2018,YR2018,Somalia,SOM,..,..,0.02
2018,YR2018,South Africa,ZAF,8.85829735,6.15898990631104,5.37
2018,YR2018,South Asia,SAS,3.04523009212714,3.19979000091553,0.0566480111959329
2018,YR2018,South Asia (IDA & IBRD),TSA,3.04523009212714,3.19979000091553,0.0566480111959329
2018,YR2018,South Sudan,SSD,6.27566719,..,1.35
2018,YR2018,Spain,ESP,8.99036121,4.17816019058228,0.08
2018,YR2018,Sri Lanka,LKA,3.91227865,2.13539004325867,0.01
2018,YR2018,St. Kitts and Nevis,KNA,5.21287775,..,..
2018,YR2018,St. Lucia,LCA,4.41556692,3.33179998397827,..
2018,YR2018,St. Martin (French part),MAF,..,..,..
2018,YR2018,St. Vincent and the Grenadines,VCT,4.51017952,5.69377994537354,..
2018,YR2018,Sub-Saharan Africa,SSF,5.00671731513528,3.64186000823975,0.97578563493808
2018,YR2018,Sub-Saharan Africa (excluding high income),SSA,5.00648403012328,3.64186000823975,0.97578563493808
2018,YR2018,Sub-Saharan Africa (IDA & IBRD countries),TSS,5.00671731513528,3.64186000823975,0.97578563493808
2018,YR2018,Sudan,SDN,4.43653536,..,0.09
2018,YR2018,Suriname,SUR,7.8974061,5.68860006332397,0.32
2018,YR2018,Sweden,SWE,10.94106293,7.64084005355835,..
2018,YR2018,Switzerland,CHE,11.37997055,4.86093997955322,0.03
2018,YR2018,Syrian Arab Republic,SYR,..,..,0.01
2018,YR2018,Tajikistan,TJK,7.2394805,5.55836009979248,0.12
2018,YR2018,Tanzania,TZA,4.15363026,3.69643998146057,1.66
2018,YR2018,Thailand,THA,3.8184948,3.05677008628845,0.12
2018,YR2018,Timor-Leste,TLS,7.61165237,6.83091020584106,0.11
2018,YR2018,Togo,TGO,6.08747768,4.04394006729126,0.56
2018,YR2018,Tonga,TON,5.05481672,6.3729100227356,..
2018,YR2018,Trinidad and Tobago,TTO,6.70954943,3.2862401008606,0.09
2018,YR2018,Tunisia,TUN,6.82099104,..,0.03
2018,YR2018,Turkey,TUR,4.12414074,4.29460000991821,..
2018,YR2018,Turkmenistan,TKM,6.60684919,..,..
2018,YR2018,Turks and Caicos Islands,TCA,..,2.7437698841095,..
2018,YR2018,Tuvalu,TUV,19.03600502,..,..
2018,YR2018,Uganda,UGA,4.03115654,2.13052010536194,1.36
2018,YR2018,Ukraine,UKR,7.51988459,5.31947994232178,0.24
2018,YR2018,United Arab Emirates,ARE,4.14545679,..,0.11
2018,YR2018,United Kingdom,GBR,9.90384102,5.23890018463135,..
2018,YR2018,United States,USA,16.68710518,..,0.11
2018,YR2018,Upper middle income,UMC,5.72607633859115,4.09145987033844,..
2018,YR2018,Uruguay,URY,9.01455498,4.66279983520508,0.18
2018,YR2018,Uzbekistan,UZB,5.30275869,5.90000009536743,0.13
2018,YR2018,Vanuatu,VUT,3.3463788,..,..
2018,YR2018,"Venezuela, RB",VEN,4.92647457,..,0.11
2018,YR2018,Vietnam,VNM,5.03448868,4.16744995117188,0.08
2018,YR2018,Virgin Islands (U.S.),VIR,..,..,..
2018,YR2018,West Bank and Gaza,PSE,..,5.31887006759644,..
2018,YR2018,World,WLD,9.72278812434666,4.2557201385498,0.21
2018,YR2018,"Yemen, Rep.",YEM,..,..,0.03
2018,YR2018,Zambia,ZMB,5.03271484,4.73973989486694,4.35
2018,YR2018,Zimbabwe,ZWE,8.68006228,3.58728003501892,2.23
2019,YR2019,Afghanistan,AFG,13.24220181,3.21377992630005,0.04
2019,YR2019,Africa Eastern and Southern,AFE,6.20493448940364,4.71929979324341,1.20893342531805
2019,YR2019,Africa Western and Central,AFW,3.36604397526269,3.03285002708435,0.434235267526297
2019,YR2019,Albania,ALB,..,3.94576001167297,0.03
2019,YR2019,Algeria,DZA,6.24337101,6.10035991668701,0.04
2019,YR2019,American Samoa,ASM,..,..,..
2019,YR2019,Andorra,AND,6.71158504,3.15060997009277,..
2019,YR2019,Angola,AGO,2.53335953,1.82117998600006,0.76
2019,YR2019,Antigua and Barbuda,ATG,4.44295979,2.82214999198914,..
2019,YR2019,Arab World,ARB,5.08374195425095,..,0.041127530300152
2019,YR2019,Argentina,ARG,9.5100708,4.80237007141113,0.13
2019,YR2019,Armenia,ARM,11.33526421,2.56185007095337,0.1
2019,YR2019,Aruba,ABW,..,..,..
2019,YR2019,Australia,AUS,9.91078568,..,0.03
2019,YR2019,Austria,AUT,10.43403149,..,..
2019,YR2019,Azerbaijan,AZE,4.03829002,2.68108010292053,0.04
2019,YR2019,"Bahamas, The",BHS,5.74977493,2.39893007278442,0.29
2019,YR2019,Bahrain,BHR,4.01147509,..,..
2019,YR2019,Bangladesh,BGD,2.48357606,1.32632005214691,..
2019,YR2019,Barbados,BRB,6.29990387,3.20398998260498,..
2019,YR2019,Belarus,BLR,5.86133957,4.97947978973389,0.15
2019,YR2019,Belgium,BEL,10.65604973,..,..
2019,YR2019,Belize,BLZ,5.96689224,7.1383900642395,0.54
2019,YR2019,Benin,BEN,2.38842916,2.96519994735718,0.23
2019,YR2019,Bermuda,BMU,..,..,..
2019,YR2019,Bhutan,BTN,3.60761595,..,0.1
2019,YR2019,Bolivia,BOL,6.9233799,..,0.08
2019,YR2019,Bosnia and Herzegovina,BIH,9.04909897,..,..
2019,YR2019,Botswana,BWA,6.04836559,6.91437005996704,4.63
2019,YR2019,Brazil,BRA,9.5912714,..,0.23
2019,YR2019,British Virgin Islands,VGB,..,2.918790102005,..
2019,YR2019,Brunei Darussalam,BRN,2.16031361,..,..
2019,YR2019,Bulgaria,BGR,7.12611389,..,..
2019,YR2019,Burkina Faso,BFA,5.46494246,5.78548002243042,0.1
2019,YR2019,Burundi,BDI,7.99091434,..,0.16
2019,YR2019,Cabo Verde,CPV,4.93621731,4.73345994949341,..
2019,YR2019,Cambodia,KHM,6.98908329,..,0.07
2019,YR2019,Cameroon,CMR,3.59539533,3.10050010681152,0.69
2019,YR2019,Canada,CAN,10.84447765,..,..
2019,YR2019,Caribbean small states,CSS,6.30564457018871,4.36243999004364,0.40467170904712
2019,YR2019,Cayman Islands,CYM,..,..,..
2019,YR2019,Central African Republic,CAF,7.75300884,1.76871001720428,..
2019,YR2019,Central Europe and the Baltics,CEB,6.71526657539199,..,..
2019,YR2019,Chad,TCD,4.3536315,2.37245988845825,0.26
2019,YR2019,Channel Islands,CHI,..,..,..
2019,YR2019,Chile,CHL,9.33272362,..,0.27
2019,YR2019,China,CHN,5.3502779,..,..
2019,YR2019,Colombia,COL,7.70943594,4.5062198638916,0.19
2019,YR2019,Comoros,COM,5.17030334,..,0.01
2019,YR2019,"Congo, Dem. Rep.",COD,3.53626084,..,0.21
2019,YR2019,"Congo, Rep.",COG,2.08331084,3.89800000190735,1.9
2019,YR2019,Costa Rica,CRI,7.27393246,6.80879020690918,0.31
2019,YR2019,Cote d'Ivoire,CIV,3.29862952,3.70040011405945,0.28
2019,YR2019,Croatia,HRV,6.97861767,..,0.02
2019,YR2019,Cuba,CUB,11.34020519,..,0.18
2019,YR2019,Curacao,CUW,..,..,..
2019,YR2019,Cyprus,CYP,7.00903225,..,..
2019,YR2019,Czech Republic,CZE,7.83470726,..,..
2019,YR2019,Denmark,DNK,9.95583057,..,0.02
2019,YR2019,Djibouti,DJI,1.79826784,..,0.14
2019,YR2019,Dominica,DMA,5.46006632,5.57160997390747,..
2019,YR2019,Dominican Republic,DOM,5.929142,4.04276990890503,0.32
2019,YR2019,Early-demographic dividend,EAR,4.74455030938086,3.56645500659943,0.186544144683201
2019,YR2019,East Asia & Pacific,EAS,6.67748718119185,..,..
2019,YR2019,East Asia & Pacific (excluding high income),EAP,5.06972187223228,3.23436999320984,..
2019,YR2019,East Asia & Pacific (IDA & IBRD countries),TEA,5.06991607829026,3.23436999320984,..
2019,YR2019,Ecuador,ECU,7.81824684,4.22565984725952,0.13
2019,YR2019,"Egypt, Arab Rep.",EGY,4.73997355,..,0.03
2019,YR2019,El Salvador,SLV,7.16578436,3.38515996932983,0.14
2019,YR2019,Equatorial Guinea,GNQ,3.13503671,..,..
2019,YR2019,Eritrea,ERI,4.45876694,..,0.07
2019,YR2019,Estonia,EST,6.7304492,..,0.16
2019,YR2019,Eswatini,SWZ,6.78069067,5.64554977416992,6
2019,YR2019,Ethiopia,ETH,3.23808599,..,0.13
2019,YR2019,Euro area,EMU,10.2194123348849,..,0.049399402318722
2019,YR2019,Europe & Central Asia,ECS,9.36736408564884,..,..
2019,YR2019,Europe & Central Asia (excluding high income),ECA,5.41155831176506,3.94576001167297,..
2019,YR2019,Europe & Central Asia (IDA & IBRD countries),TEC,5.58489043375751,3.94576001167297,..
2019,YR2019,European Union,EUU,9.9155824902671,..,..
2019,YR2019,Faroe Islands,FRO,..,..,..
2019,YR2019,Fiji,FJI,3.81607008,5.06788015365601,0.16
2019,YR2019,Finland,FIN,9.15348339,..,..
2019,YR2019,Fragile and conflict affected situations,FCS,4.24439951102529,..,0.424669332458701
2019,YR2019,France,FRA,11.05747223,..,..
2019,YR2019,French Polynesia,PYF,..,..,..
2019,YR2019,Gabon,GAB,2.76836205,2.76782989501953,0.52
2019,YR2019,"Gambia, The",GMB,3.82171082,2.87529993057251,0.94
2019,YR2019,Georgia,GEO,6.65744257,3.80864000320435,0.17
2019,YR2019,Germany,DEU,11.69724941,..,0.03
2019,YR2019,Ghana,GHA,3.41858864,..,0.72
2019,YR2019,Gibraltar,GIB,..,..,..
2019,YR2019,Greece,GRC,7.83788586,..,0.07
2019,YR2019,Greenland,GRL,..,..,..
2019,YR2019,Grenada,GRD,4.96524,..,..
2019,YR2019,Guam,GUM,..,..,..
2019,YR2019,Guatemala,GTM,6.21161032,3.19928002357483,0.05
2019,YR2019,Guinea,GIN,3.98389959,1.84836995601654,0.49
2019,YR2019,Guinea-Bissau,GNB,8.34976101,2.94781994819641,0.98
2019,YR2019,Guyana,GUY,4.93048668,..,0.43
2019,YR2019,Haiti,HTI,4.72808981,..,0.52
2019,YR2019,Heavily indebted poor countries (HIPC),HPC,4.6012344344565,3.43867993354797,0.622286894851613
2019,YR2019,High income,HIC,12.53420741376,..,0.0728782881502318
2019,YR2019,Honduras,HND,7.2839179,4.91284990310669,0.08
2019,YR2019,"Hong Kong SAR, China",HKG,..,3.81060004234314,..
2019,YR2019,Hungary,HUN,6.35002232,..,..
2019,YR2019,IBRD only,IBD,..,..,..
2019,YR2019,Iceland,ISL,8.63868046,..,0.04
2019,YR2019,IDA & IBRD total,IBT,5.37446674986952,3.66319990158081,0.280692326038966
2019,YR2019,IDA blend,IDB,..,..,..
2019,YR2019,IDA only,IDX,..,..,..
2019,YR2019,IDA total,IDA,..,..,..
2019,YR2019,India,IND,3.0141468,..,0.04
2019,YR2019,Indonesia,IDN,2.90493584,2.84185004234314,0.11
2019,YR2019,"Iran, Islamic Rep.",IRN,6.71061659,3.66319990158081,0.03
2019,YR2019,Iraq,IRQ,4.47671509,..,..
2019,YR2019,Ireland,IRL,6.67931509,..,0.08
2019,YR2019,Isle of Man,IMN,..,..,..
2019,YR2019,Israel,ISR,7.46131897,..,..
2019,YR2019,Italy,ITA,8.66856861,..,0.05
2019,YR2019,Jamaica,JAM,6.09748316,5.16364002227783,0.57
2019,YR2019,Japan,JPN,10.74372482,..,0.01
2019,YR2019,Jordan,JOR,7.58246946,2.98847007751465,0.01
2019,YR2019,Kazakhstan,KAZ,2.78745675,2.8569700717926,0.18
2019,YR2019,Kenya,KEN,4.59182692,4.97439002990723,0.77
2019,YR2019,Kiribati,KIR,10.26414394,12.3946599960327,..
2019,YR2019,"Korea, Dem. People's Rep.",PRK,..,..,..
2019,YR2019,"Korea, Rep.",KOR,8.1641655,..,..
2019,YR2019,Kosovo,XKX,..,..,..
2019,YR2019,Kuwait,KWT,5.49601221,6.49243021011353,..
2019,YR2019,Kyrgyz Republic,KGZ,4.49454117,5.36674976348877,0.11
2019,YR2019,Lao PDR,LAO,2.59852362,..,0.13
2019,YR2019,Late-demographic dividend,LTE,5.78366296952893,4.06197023391724,..
2019,YR2019,Latin America & Caribbean,LCN,7.95761284966133,4.04276990890503,0.190115831467538
2019,YR2019,Latin America & Caribbean (excluding high income),LAC,7.87493502573411,4.04276990890503,0.19258768395466
2019,YR2019,Latin America & the Caribbean (IDA & IBRD countries),TLA,7.89655740633463,4.04276990890503,0.190236743459441
2019,YR2019,Latvia,LVA,6.57814217,..,..
2019,YR2019,Least developed countries: UN classification,LDC,3.88188729877957,3.08948993682862,0.603971053841764
2019,YR2019,Lebanon,LBN,8.64661503,2.59202003479004,0.03
2019,YR2019,Lesotho,LSO,11.26946354,7.80014991760254,5.49
2019,YR2019,Liberia,LBR,8.47005749,2.27039003372192,0.3
2019,YR2019,Libya,LBY,..,..,0.05
2019,YR2019,Liechtenstein,LIE,..,..,..
2019,YR2019,Lithuania,LTU,7.00600433,..,..
2019,YR2019,Low & middle income,LMY,5.3272876767431,3.66319990158081,0.282068594543382
2019,YR2019,Low income,LIC,4.86616483385559,3.21377992630005,0.464369181730465
2019,YR2019,Lower middle income,LMC,3.71144916241067,3.7992000579834,0.189967902202702
2019,YR2019,Luxembourg,LUX,5.37075996,..,..
2019,YR2019,"Macao SAR, China",MAC,..,3.06146001815796,..
2019,YR2019,Madagascar,MDG,3.68728375,2.94490003585815,0.22
2019,YR2019,Malawi,MWI,7.39341164,3.71131992340088,1.33
2019,YR2019,Malaysia,MYS,3.82514191,4.16339015960693,0.18
2019,YR2019,Maldives,MDV,8.04001141,4.12159013748169,..
2019,YR2019,Mali,MLI,3.89389849,3.43867993354797,0.29
2019,YR2019,Malta,MLT,8.21444321,..,..
2019,YR2019,Marshall Islands,MHL,16.34140015,9.61128997802734,..
2019,YR2019,Mauritania,MRT,3.30329728,1.89373004436493,..
2019,YR2019,Mauritius,MUS,6.19943714,4.71929979324341,0.78
2019,YR2019,Mexico,MEX,5.43305254,..,0.16
2019,YR2019,"Micronesia, Fed. Sts.",FSM,11.4420805,..,..
2019,YR2019,Middle East & North Africa,MEA,5.52148878559848,..,0.0343458571802274
2019,YR2019,Middle East & North Africa (excluding high income),MNA,5.70433427984507,..,0.0301613430681329
2019,YR2019,Middle East & North Africa (IDA & IBRD countries),TMN,5.70433427984507,..,0.0301613430681329
2019,YR2019,Middle income,MIC,5.33269423959482,3.85898005962372,0.253127779010969
2019,YR2019,Moldova,MDA,6.3779459,6.10457992553711,0.24
2019,YR2019,Monaco,MCO,1.5251174,1.15266001224518,..
2019,YR2019,Mongolia,MNG,3.76607823,4.94088983535767,0.01
2019,YR2019,Montenegro,MNE,8.32983208,..,0.04
2019,YR2019,Morocco,MAR,5.30845118,..,0.02
2019,YR2019,Mozambique,MOZ,7.83351135,6.22999000549316,3.72
2019,YR2019,Myanmar,MMR,4.67856407,1.97421002388,..
2019,YR2019,Namibia,NAM,8.49700546,9.48040962219238,2.87
2019,YR2019,Nauru,NRU,9.78171635,..,..
2019,YR2019,Nepal,NPL,4.44515085,..,0.03
2019,YR2019,Netherlands,NLD,10.13031101,..,0.02
2019,YR2019,New Caledonia,NCL,..,..,..
2019,YR2019,New Zealand,NZL,9.74117661,..,0.02
2019,YR2019,Nicaragua,NIC,8.4039259,3.44283008575439,0.12
2019,YR2019,Niger,NER,5.6686306,3.52316999435425,0.05
2019,YR2019,Nigeria,NGA,3.02666044,..,0.46
2019,YR2019,North America,NAC,16.3218796965328,..,0.11
2019,YR2019,North Macedonia,MKD,7.25409985,..,..
2019,YR2019,Northern Mariana Islands,MNP,..,..,..
2019,YR2019,Norway,NOR,10.52134705,..,0.01
2019,YR2019,Not classified,INX,..,..,..
2019,YR2019,OECD members,OED,12.5324681341285,..,0.0927476796406104
2019,YR2019,Oman,OMN,4.07190228,5.41320991516113,..
2019,YR2019,Other small states,OSS,4.70652089353386,4.71929979324341,1.61220252323952
2019,YR2019,Pacific island small states,PSS,5.31392541031096,..,..
2019,YR2019,Pakistan,PAK,3.37992716,2.50755000114441,0.11
2019,YR2019,Palau,PLW,15.15048885,..,..
2019,YR2019,Panama,PAN,7.58405781,3.12736010551453,0.45
2019,YR2019,Papua New Guinea,PNG,2.30036092,..,0.39
2019,YR2019,Paraguay,PRY,7.17281008,3.46971011161804,0.13
2019,YR2019,Peru,PER,5.21506882,3.81996011734009,0.14
2019,YR2019,Philippines,PHL,4.07676649,3.23436999320984,0.14
2019,YR2019,Poland,POL,6.44682503,..,..
2019,YR2019,Portugal,PRT,9.53145981,..,0.07
2019,YR2019,Post-demographic dividend,PST,12.9603848642703,..,0.0784215942655258
2019,YR2019,Pre-demographic dividend,PRE,3.91748516172321,3.32622992992401,0.688237537591896
2019,YR2019,Puerto Rico,PRI,..,..,..
2019,YR2019,Qatar,QAT,2.9106288,2.81228995323181,0.06
2019,YR2019,Romania,ROU,5.74447823,..,0.04
2019,YR2019,Russian Federation,RUS,5.64849138,..,..
2019,YR2019,Rwanda,RWA,6.41066742,3.35545992851257,0.37
2019,YR2019,Samoa,WSM,6.36309385,4.70625019073486,..
2019,YR2019,San Marino,SMR,6.39008522,3.37969994544983,..
2019,YR2019,Sao Tome and Principe,STP,5.52976227,5.92154979705811,..
2019,YR2019,Saudi Arabia,SAU,5.68828773,..,0.05
2019,YR2019,Senegal,SEN,4.13226938,5.28719997406006,0.08
2019,YR2019,Serbia,SRB,8.67206478,3.61922001838684,0.02
2019,YR2019,Seychelles,SYC,5.1902914,3.91458988189697,..
2019,YR2019,Sierra Leone,SLE,8.74976635,7.36542987823486,0.74
2019,YR2019,Singapore,SGP,4.08152914,2.63196992874146,0.02
2019,YR2019,Sint Maarten (Dutch part),SXM,..,..,..
2019,YR2019,Slovak Republic,SVK,6.9586463,..,..
2019,YR2019,Slovenia,SVN,8.52386475,..,0.01
2019,YR2019,Small states,SST,4.95339892060205,4.71929979324341,1.31911119955811
2019,YR2019,Solomon Islands,SLB,4.77362394,..,..
2019,YR2019,Somalia,SOM,..,..,0.02
2019,YR2019,South Africa,ZAF,9.10935497,6.50505018234253,4.96
2019,YR2019,South Asia,SAS,3.09808141357647,2.50755000114441,0.0485364304985776
2019,YR2019,South Asia (IDA & IBRD),TSA,3.09808141357647,2.50755000114441,0.0485364304985776
2019,YR2019,South Sudan,SSD,6.04213858,..,1.37
2019,YR2019,Spain,ESP,9.13213158,..,0.08
2019,YR2019,Sri Lanka,LKA,4.07979679,..,0.01
2019,YR2019,St. Kitts and Nevis,KNA,5.39632845,..,..
2019,YR2019,St. Lucia,LCA,4.32460737,3.26487994194031,..
2019,YR2019,St. Martin (French part),MAF,..,..,..
2019,YR2019,St. Vincent and the Grenadines,VCT,4.75291252,..,..
2019,YR2019,Sub-Saharan Africa,SSF,4.94528168388786,3.53498005867004,0.896389666491765
2019,YR2019,Sub-Saharan Africa (excluding high income),SSA,4.94506492677486,3.53498005867004,0.896389666491764
2019,YR2019,Sub-Saharan Africa (IDA & IBRD countries),TSS,4.94528168388786,3.53498005867004,0.896389666491765
2019,YR2019,Sudan,SDN,4.57356596,..,0.09
2019,YR2019,Suriname,SUR,9.7369957,7.23706007003784,0.3
2019,YR2019,Sweden,SWE,10.86749268,..,..
2019,YR2019,Switzerland,CHE,11.29148102,..,..
2019,YR2019,Syrian Arab Republic,SYR,..,..,0.01
2019,YR2019,Tajikistan,TJK,7.10529375,5.71290016174316,0.11
2019,YR2019,Tanzania,TZA,3.82769322,3.53498005867004,1.49
2019,YR2019,Thailand,THA,3.78912091,2.96898007392883,0.11
2019,YR2019,Timor-Leste,TLS,7.15850592,..,0.11
2019,YR2019,Togo,TGO,5.72606897,4.96937990188599,0.51
2019,YR2019,Tonga,TON,4.98149967,7.95963001251221,..
2019,YR2019,Trinidad and Tobago,TTO,7.02007389,3.56123995780945,0.08
2019,YR2019,Tunisia,TUN,6.95845938,..,0.03
2019,YR2019,Turkey,TUR,4.34409809,..,..
2019,YR2019,Turkmenistan,TKM,6.56862497,3.12065005302429,..
2019,YR2019,Turks and Caicos Islands,TCA,..,3.48839998245239,..
2019,YR2019,Tuvalu,TUV,23.96181297,..,..
2019,YR2019,Uganda,UGA,3.82522416,2.64981007575989,1.24
2019,YR2019,Ukraine,UKR,7.09860182,5.43965005874634,0.22
2019,YR2019,United Arab Emirates,ARE,4.27504921,3.10269999504089,0.12
2019,YR2019,United Kingdom,GBR,10.15402699,..,..
2019,YR2019,United States,USA,16.76706314,..,0.11
2019,YR2019,Upper middle income,UMC,5.85498917018227,3.88286006450653,..
2019,YR2019,Uruguay,URY,9.34783173,4.68332004547119,0.19
2019,YR2019,Uzbekistan,UZB,5.61760426,7.00186014175415,0.09
2019,YR2019,Vanuatu,VUT,3.36034679,1.78587996959686,..
2019,YR2019,"Venezuela, RB",VEN,5.36708355,..,0.09
2019,YR2019,Vietnam,VNM,5.24965572,4.06197023391724,0.07
2019,YR2019,Virgin Islands (U.S.),VIR,..,..,..
2019,YR2019,West Bank and Gaza,PSE,..,..,..
2019,YR2019,World,WLD,9.84451513938724,3.66319990158081,0.2
2019,YR2019,"Yemen, Rep.",YEM,..,..,0.04
2019,YR2019,Zambia,ZMB,5.31220293,4.46517992019653,3.97
2019,YR2019,Zimbabwe,ZWE,7.70356494,..,2.13
2020,YR2020,Afghanistan,AFG,..,..,0.04
2020,YR2020,Africa Eastern and Southern,AFE,..,..,1.08747158527642
2020,YR2020,Africa Western and Central,AFW,..,..,0.393786706355178
2020,YR2020,Albania,ALB,..,..,0.03
2020,YR2020,Algeria,DZA,..,..,0.04
2020,YR2020,American Samoa,ASM,..,..,..
2020,YR2020,Andorra,AND,..,..,..
2020,YR2020,Angola,AGO,..,..,0.69
2020,YR2020,Antigua and Barbuda,ATG,..,3.32161998748779,..
2020,YR2020,Arab World,ARB,..,..,0.0414621351496911
2020,YR2020,Argentina,ARG,..,..,0.13
2020,YR2020,Armenia,ARM,..,2.70476007461548,0.11
2020,YR2020,Aruba,ABW,..,..,..
2020,YR2020,Australia,AUS,..,..,0.03
2020,YR2020,Austria,AUT,..,..,..
2020,YR2020,Azerbaijan,AZE,..,..,0.04
2020,YR2020,"Bahamas, The",BHS,..,2.51087999343872,0.28
2020,YR2020,Bahrain,BHR,..,..,..
2020,YR2020,Bangladesh,BGD,..,..,..
2020,YR2020,Barbados,BRB,..,4.29515981674194,..
2020,YR2020,Belarus,BLR,..,4.95244979858398,0.13
2020,YR2020,Belgium,BEL,..,..,..
2020,YR2020,Belize,BLZ,..,7.94095993041992,0.53
2020,YR2020,Benin,BEN,..,..,0.19
2020,YR2020,Bermuda,BMU,..,..,..
2020,YR2020,Bhutan,BTN,..,..,0.09
2020,YR2020,Bolivia,BOL,..,..,0.08
2020,YR2020,Bosnia and Herzegovina,BIH,..,..,..
2020,YR2020,Botswana,BWA,..,..,4.39
2020,YR2020,Brazil,BRA,..,..,0.23
2020,YR2020,British Virgin Islands,VGB,..,..,..
2020,YR2020,Brunei Darussalam,BRN,..,..,..
2020,YR2020,Bulgaria,BGR,..,..,..
2020,YR2020,Burkina Faso,BFA,..,..,0.1
2020,YR2020,Burundi,BDI,..,..,0.15
2020,YR2020,Cabo Verde,CPV,..,..,..
2020,YR2020,Cambodia,KHM,..,..,0.07
2020,YR2020,Cameroon,CMR,..,..,0.6
2020,YR2020,Canada,CAN,..,..,..
2020,YR2020,Caribbean small states,CSS,..,5.40337991714478,0.383270599154458
2020,YR2020,Cayman Islands,CYM,..,..,..
2020,YR2020,Central African Republic,CAF,..,..,..
2020,YR2020,Central Europe and the Baltics,CEB,..,..,..
2020,YR2020,Chad,TCD,..,..,0.22
2020,YR2020,Channel Islands,CHI,..,..,..
2020,YR2020,Chile,CHL,..,..,0.26
2020,YR2020,China,CHN,..,..,..
2020,YR2020,Colombia,COL,..,..,0.18
2020,YR2020,Comoros,COM,..,..,0.01
2020,YR2020,"Congo, Dem. Rep.",COD,..,..,0.18
2020,YR2020,"Congo, Rep.",COG,..,..,1.94
2020,YR2020,Costa Rica,CRI,..,6.74626016616821,0.34
2020,YR2020,Cote d'Ivoire,CIV,..,..,0.24
2020,YR2020,Croatia,HRV,..,..,0.02
2020,YR2020,Cuba,CUB,..,..,0.18
2020,YR2020,Curacao,CUW,..,..,..
2020,YR2020,Cyprus,CYP,..,..,..
2020,YR2020,Czech Republic,CZE,..,..,..
2020,YR2020,Denmark,DNK,..,..,0.02
2020,YR2020,Djibouti,DJI,..,..,0.13
2020,YR2020,Dominica,DMA,..,4.99812984466553,..
2020,YR2020,Dominican Republic,DOM,..,..,0.32
2020,YR2020,Early-demographic dividend,EAR,..,..,0.175574186189754
2020,YR2020,East Asia & Pacific,EAS,..,..,..
2020,YR2020,East Asia & Pacific (excluding high income),EAP,..,..,..
2020,YR2020,East Asia & Pacific (IDA & IBRD countries),TEA,..,..,..
2020,YR2020,Ecuador,ECU,..,4.13413000106812,0.12
2020,YR2020,"Egypt, Arab Rep.",EGY,..,..,0.03
2020,YR2020,El Salvador,SLV,..,..,0.13
2020,YR2020,Equatorial Guinea,GNQ,..,..,..
2020,YR2020,Eritrea,ERI,..,..,0.07
2020,YR2020,Estonia,EST,..,..,0.16
2020,YR2020,Eswatini,SWZ,..,5.34233999252319,5.28
2020,YR2020,Ethiopia,ETH,..,..,0.12
2020,YR2020,Euro area,EMU,..,..,0.0478044424105138
2020,YR2020,Europe & Central Asia,ECS,..,..,..
2020,YR2020,Europe & Central Asia (excluding high income),ECA,..,..,..
2020,YR2020,Europe & Central Asia (IDA & IBRD countries),TEC,..,..,..
2020,YR2020,European Union,EUU,..,..,..
2020,YR2020,Faroe Islands,FRO,..,..,..
2020,YR2020,Fiji,FJI,..,..,0.16
2020,YR2020,Finland,FIN,..,..,..
2020,YR2020,Fragile and conflict affected situations,FCS,..,..,0.390326860301593
2020,YR2020,France,FRA,..,..,..
2020,YR2020,French Polynesia,PYF,..,..,..
2020,YR2020,Gabon,GAB,..,..,0.48
2020,YR2020,"Gambia, The",GMB,..,..,0.93
2020,YR2020,Georgia,GEO,..,3.83912992477417,0.17
2020,YR2020,Germany,DEU,..,..,0.03
2020,YR2020,Ghana,GHA,..,..,0.63
2020,YR2020,Gibraltar,GIB,..,..,..
2020,YR2020,Greece,GRC,..,..,0.09
2020,YR2020,Greenland,GRL,..,..,..
2020,YR2020,Grenada,GRD,..,..,..
2020,YR2020,Guam,GUM,..,..,..
2020,YR2020,Guatemala,GTM,..,3.29972004890442,0.05
2020,YR2020,Guinea,GIN,..,2.19947004318237,0.42
2020,YR2020,Guinea-Bissau,GNB,..,..,0.88
2020,YR2020,Guyana,GUY,..,..,0.43
2020,YR2020,Haiti,HTI,..,..,0.45
2020,YR2020,Heavily indebted poor countries (HIPC),HPC,..,..,0.55448487094458
2020,YR2020,High income,HIC,..,..,..
2020,YR2020,Honduras,HND,..,..,0.07
2020,YR2020,"Hong Kong SAR, China",HKG,..,4.4063401222229,..
2020,YR2020,Hungary,HUN,..,..,..
2020,YR2020,IBRD only,IBD,..,..,..
2020,YR2020,Iceland,ISL,..,..,0.04
2020,YR2020,IDA & IBRD total,IBT,..,..,0.260589569147843
2020,YR2020,IDA blend,IDB,..,..,..
2020,YR2020,IDA only,IDX,..,..,..
2020,YR2020,IDA total,IDA,..,..,..
2020,YR2020,India,IND,..,..,0.04
2020,YR2020,Indonesia,IDN,..,..,0.1
2020,YR2020,"Iran, Islamic Rep.",IRN,..,..,0.03
2020,YR2020,Iraq,IRQ,..,..,..
2020,YR2020,Ireland,IRL,..,..,0.08
2020,YR2020,Isle of Man,IMN,..,..,..
2020,YR2020,Israel,ISR,..,..,..
2020,YR2020,Italy,ITA,..,..,0.04
2020,YR2020,Jamaica,JAM,..,5.40337991714478,0.53
2020,YR2020,Japan,JPN,..,..,0.01
2020,YR2020,Jordan,JOR,..,..,0.01
2020,YR2020,Kazakhstan,KAZ,..,..,0.19
2020,YR2020,Kenya,KEN,..,5.07996988296509,0.72
2020,YR2020,Kiribati,KIR,..,..,..
2020,YR2020,"Korea, Dem. People's Rep.",PRK,..,..,..
2020,YR2020,"Korea, Rep.",KOR,..,..,..
2020,YR2020,Kosovo,XKX,..,..,..
2020,YR2020,Kuwait,KWT,..,6.55125999450684,..
2020,YR2020,Kyrgyz Republic,KGZ,..,..,0.11
2020,YR2020,Lao PDR,LAO,..,..,0.13
2020,YR2020,Late-demographic dividend,LTE,..,..,..
2020,YR2020,Latin America & Caribbean,LCN,..,..,0.1861623287827
2020,YR2020,Latin America & Caribbean (excluding high income),LAC,..,..,0.189054770914323
2020,YR2020,Latin America & the Caribbean (IDA & IBRD countries),TLA,..,..,0.186214638188402
2020,YR2020,Latvia,LVA,..,..,..
2020,YR2020,Least developed countries: UN classification,LDC,..,..,0.540679717078368
2020,YR2020,Lebanon,LBN,..,..,0.03
2020,YR2020,Lesotho,LSO,..,7.37501001358032,4.91
2020,YR2020,Liberia,LBR,..,2.30928993225098,0.29
2020,YR2020,Libya,LBY,..,..,0.05
2020,YR2020,Liechtenstein,LIE,..,..,..
2020,YR2020,Lithuania,LTU,..,..,..
2020,YR2020,Low & middle income,LMY,..,..,0.261850194707807
2020,YR2020,Low income,LIC,..,..,0.418976161783678
2020,YR2020,Lower middle income,LMC,..,..,0.175921618015816
2020,YR2020,Luxembourg,LUX,..,..,..
2020,YR2020,"Macao SAR, China",MAC,..,..,..
2020,YR2020,Madagascar,MDG,..,..,0.22
2020,YR2020,Malawi,MWI,..,2.90761995315552,1.21
2020,YR2020,Malaysia,MYS,..,..,0.19
2020,YR2020,Maldives,MDV,..,..,..
2020,YR2020,Mali,MLI,..,..,0.27
2020,YR2020,Malta,MLT,..,..,..
2020,YR2020,Marshall Islands,MHL,..,..,..
2020,YR2020,Mauritania,MRT,..,1.88659000396729,..
2020,YR2020,Mauritius,MUS,..,4.60799980163574,0.8
2020,YR2020,Mexico,MEX,..,..,0.16
2020,YR2020,"Micronesia, Fed. Sts.",FSM,..,..,..
2020,YR2020,Middle East & North Africa,MEA,..,..,0.0346374657928453
2020,YR2020,Middle East & North Africa (excluding high income),MNA,..,..,0.0301395208328177
2020,YR2020,Middle East & North Africa (IDA & IBRD countries),TMN,..,..,0.0301395208328177
2020,YR2020,Middle income,MIC,..,..,0.236536835765743
2020,YR2020,Moldova,MDA,..,..,0.24
2020,YR2020,Monaco,MCO,..,..,..
2020,YR2020,Mongolia,MNG,..,..,0.01
2020,YR2020,Montenegro,MNE,..,..,0.04
2020,YR2020,Morocco,MAR,..,..,0.02
2020,YR2020,Mozambique,MOZ,..,..,3.5
2020,YR2020,Myanmar,MMR,..,..,..
2020,YR2020,Namibia,NAM,..,9.40958976745605,2.44
2020,YR2020,Nauru,NRU,..,..,..
2020,YR2020,Nepal,NPL,..,..,0.03
2020,YR2020,Netherlands,NLD,..,..,0.02
2020,YR2020,New Caledonia,NCL,..,..,..
2020,YR2020,New Zealand,NZL,..,..,0.02
2020,YR2020,Nicaragua,NIC,..,..,0.11
2020,YR2020,Niger,NER,..,..,0.05
2020,YR2020,Nigeria,NGA,..,..,0.42
2020,YR2020,North America,NAC,..,..,..
2020,YR2020,North Macedonia,MKD,..,..,..
2020,YR2020,Northern Mariana Islands,MNP,..,..,..
2020,YR2020,Norway,NOR,..,..,0.01
2020,YR2020,Not classified,INX,..,..,..
2020,YR2020,OECD members,OED,..,..,..
2020,YR2020,Oman,OMN,..,..,..
2020,YR2020,Other small states,OSS,..,..,1.46576127530096
2020,YR2020,Pacific island small states,PSS,..,..,..
2020,YR2020,Pakistan,PAK,..,..,0.12
2020,YR2020,Palau,PLW,..,..,..
2020,YR2020,Panama,PAN,..,..,0.44
2020,YR2020,Papua New Guinea,PNG,..,..,0.39
2020,YR2020,Paraguay,PRY,..,..,0.13
2020,YR2020,Peru,PER,..,4.24667978286743,0.13
2020,YR2020,Philippines,PHL,..,..,0.15
2020,YR2020,Poland,POL,..,..,..
2020,YR2020,Portugal,PRT,..,..,0.07
2020,YR2020,Post-demographic dividend,PST,..,..,..
2020,YR2020,Pre-demographic dividend,PRE,..,..,0.619114986210833
2020,YR2020,Puerto Rico,PRI,..,..,..
2020,YR2020,Qatar,QAT,..,3.19033002853394,0.07
2020,YR2020,Romania,ROU,..,..,0.04
2020,YR2020,Russian Federation,RUS,..,..,..
2020,YR2020,Rwanda,RWA,..,3.4072699546814,0.34
2020,YR2020,Samoa,WSM,..,4.80916023254395,..
2020,YR2020,San Marino,SMR,..,..,..
2020,YR2020,Sao Tome and Principe,STP,..,..,..
2020,YR2020,Saudi Arabia,SAU,..,..,0.05
2020,YR2020,Senegal,SEN,..,..,0.08
2020,YR2020,Serbia,SRB,..,..,0.02
2020,YR2020,Seychelles,SYC,..,..,..
2020,YR2020,Sierra Leone,SLE,..,9.26146984100342,0.7
2020,YR2020,Singapore,SGP,..,2.50665998458862,0.01
2020,YR2020,Sint Maarten (Dutch part),SXM,..,..,..
2020,YR2020,Slovak Republic,SVK,..,..,..
2020,YR2020,Slovenia,SVN,..,..,0.01
2020,YR2020,Small states,SST,..,..,1.20521086916321
2020,YR2020,Solomon Islands,SLB,..,..,..
2020,YR2020,Somalia,SOM,..,..,0.02
2020,YR2020,South Africa,ZAF,..,6.83613014221191,4.6
2020,YR2020,South Asia,SAS,..,..,0.0499140146862015
2020,YR2020,South Asia (IDA & IBRD),TSA,..,..,0.0499140146862015
2020,YR2020,South Sudan,SSD,..,..,1.37
2020,YR2020,Spain,ESP,..,..,0.08
2020,YR2020,Sri Lanka,LKA,..,..,0.01
2020,YR2020,St. Kitts and Nevis,KNA,..,..,..
2020,YR2020,St. Lucia,LCA,..,3.56905007362366,..
2020,YR2020,St. Martin (French part),MAF,..,..,..
2020,YR2020,St. Vincent and the Grenadines,VCT,..,..,..
2020,YR2020,Sub-Saharan Africa,SSF,..,..,0.807560705231073
2020,YR2020,Sub-Saharan Africa (excluding high income),SSA,..,..,0.807560705231073
2020,YR2020,Sub-Saharan Africa (IDA & IBRD countries),TSS,..,..,0.807560705231073
2020,YR2020,Sudan,SDN,..,..,0.09
2020,YR2020,Suriname,SUR,..,..,0.3
2020,YR2020,Sweden,SWE,..,..,..
2020,YR2020,Switzerland,CHE,..,..,..
2020,YR2020,Syrian Arab Republic,SYR,..,..,0.01
2020,YR2020,Tajikistan,TJK,..,..,0.09
2020,YR2020,Tanzania,TZA,..,3.10434007644653,1.26
2020,YR2020,Thailand,THA,..,..,0.1
2020,YR2020,Timor-Leste,TLS,..,..,0.1
2020,YR2020,Togo,TGO,..,..,0.45
2020,YR2020,Tonga,TON,..,..,..
2020,YR2020,Trinidad and Tobago,TTO,..,..,0.07
2020,YR2020,Tunisia,TUN,..,..,0.03
2020,YR2020,Turkey,TUR,..,..,..
2020,YR2020,Turkmenistan,TKM,..,..,..
2020,YR2020,Turks and Caicos Islands,TCA,..,..,..
2020,YR2020,Tuvalu,TUV,..,..,..
2020,YR2020,Uganda,UGA,..,3.01393008232117,0.95
2020,YR2020,Ukraine,UKR,..,..,0.21
2020,YR2020,United Arab Emirates,ARE,..,..,0.13
2020,YR2020,United Kingdom,GBR,..,..,..
2020,YR2020,United States,USA,..,..,..
2020,YR2020,Upper middle income,UMC,..,..,..
2020,YR2020,Uruguay,URY,..,..,0.19
2020,YR2020,Uzbekistan,UZB,..,5.11241006851196,0.08
2020,YR2020,Vanuatu,VUT,..,2.3125,..
2020,YR2020,"Venezuela, RB",VEN,..,..,0.08
2020,YR2020,Vietnam,VNM,..,..,0.06
2020,YR2020,Virgin Islands (U.S.),VIR,..,..,..
2020,YR2020,West Bank and Gaza,PSE,..,..,..
2020,YR2020,World,WLD,..,..,0.19
2020,YR2020,"Yemen, Rep.",YEM,..,..,0.04
2020,YR2020,Zambia,ZMB,..,..,3.64
2020,YR2020,Zimbabwe,ZWE,..,..,1.74
2021,YR2021,Afghanistan,AFG,..,..,..
2021,YR2021,Africa Eastern and Southern,AFE,..,..,..
2021,YR2021,Africa Western and Central,AFW,..,..,..
2021,YR2021,Albania,ALB,..,..,..
2021,YR2021,Algeria,DZA,..,..,..
2021,YR2021,American Samoa,ASM,..,..,..
2021,YR2021,Andorra,AND,..,..,..
2021,YR2021,Angola,AGO,..,..,..
2021,YR2021,Antigua and Barbuda,ATG,..,..,..
2021,YR2021,Arab World,ARB,..,..,..
2021,YR2021,Argentina,ARG,..,..,..
2021,YR2021,Armenia,ARM,..,..,..
2021,YR2021,Aruba,ABW,..,..,..
2021,YR2021,Australia,AUS,..,..,..
2021,YR2021,Austria,AUT,..,..,..
2021,YR2021,Azerbaijan,AZE,..,..,..
2021,YR2021,"Bahamas, The",BHS,..,..,..
2021,YR2021,Bahrain,BHR,..,..,..
2021,YR2021,Bangladesh,BGD,..,..,..
2021,YR2021,Barbados,BRB,..,..,..
2021,YR2021,Belarus,BLR,..,..,..
2021,YR2021,Belgium,BEL,..,..,..
2021,YR2021,Belize,BLZ,..,..,..
2021,YR2021,Benin,BEN,..,..,..
2021,YR2021,Bermuda,BMU,..,..,..
2021,YR2021,Bhutan,BTN,..,..,..
2021,YR2021,Bolivia,BOL,..,..,..
2021,YR2021,Bosnia and Herzegovina,BIH,..,..,..
2021,YR2021,Botswana,BWA,..,..,..
2021,YR2021,Brazil,BRA,..,..,..
2021,YR2021,British Virgin Islands,VGB,..,..,..
2021,YR2021,Brunei Darussalam,BRN,..,..,..
2021,YR2021,Bulgaria,BGR,..,..,..
2021,YR2021,Burkina Faso,BFA,..,..,..
2021,YR2021,Burundi,BDI,..,..,..
2021,YR2021,Cabo Verde,CPV,..,..,..
2021,YR2021,Cambodia,KHM,..,..,..
2021,YR2021,Cameroon,CMR,..,..,..
2021,YR2021,Canada,CAN,..,..,..
2021,YR2021,Caribbean small states,CSS,..,..,..
2021,YR2021,Cayman Islands,CYM,..,..,..
2021,YR2021,Central African Republic,CAF,..,..,..
2021,YR2021,Central Europe and the Baltics,CEB,..,..,..
2021,YR2021,Chad,TCD,..,..,..
2021,YR2021,Channel Islands,CHI,..,..,..
2021,YR2021,Chile,CHL,..,..,..
2021,YR2021,China,CHN,..,..,..
2021,YR2021,Colombia,COL,..,..,..
2021,YR2021,Comoros,COM,..,..,..
2021,YR2021,"Congo, Dem. Rep.",COD,..,..,..
2021,YR2021,"Congo, Rep.",COG,..,..,..
2021,YR2021,Costa Rica,CRI,..,..,..
2021,YR2021,Cote d'Ivoire,CIV,..,..,..
2021,YR2021,Croatia,HRV,..,..,..
2021,YR2021,Cuba,CUB,..,..,..
2021,YR2021,Curacao,CUW,..,..,..
2021,YR2021,Cyprus,CYP,..,..,..
2021,YR2021,Czech Republic,CZE,..,..,..
2021,YR2021,Denmark,DNK,..,..,..
2021,YR2021,Djibouti,DJI,..,..,..
2021,YR2021,Dominica,DMA,..,..,..
2021,YR2021,Dominican Republic,DOM,..,..,..
2021,YR2021,Early-demographic dividend,EAR,..,..,..
2021,YR2021,East Asia & Pacific,EAS,..,..,..
2021,YR2021,East Asia & Pacific (excluding high income),EAP,..,..,..
2021,YR2021,East Asia & Pacific (IDA & IBRD countries),TEA,..,..,..
2021,YR2021,Ecuador,ECU,..,..,..
2021,YR2021,"Egypt, Arab Rep.",EGY,..,..,..
2021,YR2021,El Salvador,SLV,..,..,..
2021,YR2021,Equatorial Guinea,GNQ,..,..,..
2021,YR2021,Eritrea,ERI,..,..,..
2021,YR2021,Estonia,EST,..,..,..
2021,YR2021,Eswatini,SWZ,..,..,..
2021,YR2021,Ethiopia,ETH,..,..,..
2021,YR2021,Euro area,EMU,..,..,..
2021,YR2021,Europe & Central Asia,ECS,..,..,..
2021,YR2021,Europe & Central Asia (excluding high income),ECA,..,..,..
2021,YR2021,Europe & Central Asia (IDA & IBRD countries),TEC,..,..,..
2021,YR2021,European Union,EUU,..,..,..
2021,YR2021,Faroe Islands,FRO,..,..,..
2021,YR2021,Fiji,FJI,..,..,..
2021,YR2021,Finland,FIN,..,..,..
2021,YR2021,Fragile and conflict affected situations,FCS,..,..,..
2021,YR2021,France,FRA,..,..,..
2021,YR2021,French Polynesia,PYF,..,..,..
2021,YR2021,Gabon,GAB,..,..,..
2021,YR2021,"Gambia, The",GMB,..,..,..
2021,YR2021,Georgia,GEO,..,..,..
2021,YR2021,Germany,DEU,..,..,..
2021,YR2021,Ghana,GHA,..,..,..
2021,YR2021,Gibraltar,GIB,..,..,..
2021,YR2021,Greece,GRC,..,..,..
2021,YR2021,Greenland,GRL,..,..,..
2021,YR2021,Grenada,GRD,..,..,..
2021,YR2021,Guam,GUM,..,..,..
2021,YR2021,Guatemala,GTM,..,..,..
2021,YR2021,Guinea,GIN,..,..,..
2021,YR2021,Guinea-Bissau,GNB,..,..,..
2021,YR2021,Guyana,GUY,..,..,..
2021,YR2021,Haiti,HTI,..,..,..
2021,YR2021,Heavily indebted poor countries (HIPC),HPC,..,..,..
2021,YR2021,High income,HIC,..,..,..
2021,YR2021,Honduras,HND,..,..,..
2021,YR2021,"Hong Kong SAR, China",HKG,..,..,..
2021,YR2021,Hungary,HUN,..,..,..
2021,YR2021,IBRD only,IBD,..,..,..
2021,YR2021,Iceland,ISL,..,..,..
2021,YR2021,IDA & IBRD total,IBT,..,..,..
2021,YR2021,IDA blend,IDB,..,..,..
2021,YR2021,IDA only,IDX,..,..,..
2021,YR2021,IDA total,IDA,..,..,..
2021,YR2021,India,IND,..,..,..
2021,YR2021,Indonesia,IDN,..,..,..
2021,YR2021,"Iran, Islamic Rep.",IRN,..,..,..
2021,YR2021,Iraq,IRQ,..,..,..
2021,YR2021,Ireland,IRL,..,..,..
2021,YR2021,Isle of Man,IMN,..,..,..
2021,YR2021,Israel,ISR,..,..,..
2021,YR2021,Italy,ITA,..,..,..
2021,YR2021,Jamaica,JAM,..,..,..
2021,YR2021,Japan,JPN,..,..,..
2021,YR2021,Jordan,JOR,..,..,..
2021,YR2021,Kazakhstan,KAZ,..,..,..
2021,YR2021,Kenya,KEN,..,..,..
2021,YR2021,Kiribati,KIR,..,..,..
2021,YR2021,"Korea, Dem. People's Rep.",PRK,..,..,..
2021,YR2021,"Korea, Rep.",KOR,..,..,..
2021,YR2021,Kosovo,XKX,..,..,..
2021,YR2021,Kuwait,KWT,..,..,..
2021,YR2021,Kyrgyz Republic,KGZ,..,..,..
2021,YR2021,Lao PDR,LAO,..,..,..
2021,YR2021,Late-demographic dividend,LTE,..,..,..
2021,YR2021,Latin America & Caribbean,LCN,..,..,..
2021,YR2021,Latin America & Caribbean (excluding high income),LAC,..,..,..
2021,YR2021,Latin America & the Caribbean (IDA & IBRD countries),TLA,..,..,..
2021,YR2021,Latvia,LVA,..,..,..
2021,YR2021,Least developed countries: UN classification,LDC,..,..,..
2021,YR2021,Lebanon,LBN,..,..,..
2021,YR2021,Lesotho,LSO,..,..,..
2021,YR2021,Liberia,LBR,..,..,..
2021,YR2021,Libya,LBY,..,..,..
2021,YR2021,Liechtenstein,LIE,..,..,..
2021,YR2021,Lithuania,LTU,..,..,..
2021,YR2021,Low & middle income,LMY,..,..,..
2021,YR2021,Low income,LIC,..,..,..
2021,YR2021,Lower middle income,LMC,..,..,..
2021,YR2021,Luxembourg,LUX,..,..,..
2021,YR2021,"Macao SAR, China",MAC,..,..,..
2021,YR2021,Madagascar,MDG,..,..,..
2021,YR2021,Malawi,MWI,..,..,..
2021,YR2021,Malaysia,MYS,..,..,..
2021,YR2021,Maldives,MDV,..,..,..
2021,YR2021,Mali,MLI,..,..,..
2021,YR2021,Malta,MLT,..,..,..
2021,YR2021,Marshall Islands,MHL,..,..,..
2021,YR2021,Mauritania,MRT,..,..,..
2021,YR2021,Mauritius,MUS,..,..,..
2021,YR2021,Mexico,MEX,..,..,..
2021,YR2021,"Micronesia, Fed. Sts.",FSM,..,..,..
2021,YR2021,Middle East & North Africa,MEA,..,..,..
2021,YR2021,Middle East & North Africa (excluding high income),MNA,..,..,..
2021,YR2021,Middle East & North Africa (IDA & IBRD countries),TMN,..,..,..
2021,YR2021,Middle income,MIC,..,..,..
2021,YR2021,Moldova,MDA,..,..,..
2021,YR2021,Monaco,MCO,..,..,..
2021,YR2021,Mongolia,MNG,..,..,..
2021,YR2021,Montenegro,MNE,..,..,..
2021,YR2021,Morocco,MAR,..,..,..
2021,YR2021,Mozambique,MOZ,..,..,..
2021,YR2021,Myanmar,MMR,..,..,..
2021,YR2021,Namibia,NAM,..,..,..
2021,YR2021,Nauru,NRU,..,..,..
2021,YR2021,Nepal,NPL,..,..,..
2021,YR2021,Netherlands,NLD,..,..,..
2021,YR2021,New Caledonia,NCL,..,..,..
2021,YR2021,New Zealand,NZL,..,..,..
2021,YR2021,Nicaragua,NIC,..,..,..
2021,YR2021,Niger,NER,..,..,..
2021,YR2021,Nigeria,NGA,..,..,..
2021,YR2021,North America,NAC,..,..,..
2021,YR2021,North Macedonia,MKD,..,..,..
2021,YR2021,Northern Mariana Islands,MNP,..,..,..
2021,YR2021,Norway,NOR,..,..,..
2021,YR2021,Not classified,INX,..,..,..
2021,YR2021,OECD members,OED,..,..,..
2021,YR2021,Oman,OMN,..,..,..
2021,YR2021,Other small states,OSS,..,..,..
2021,YR2021,Pacific island small states,PSS,..,..,..
2021,YR2021,Pakistan,PAK,..,..,..
2021,YR2021,Palau,PLW,..,..,..
2021,YR2021,Panama,PAN,..,..,..
2021,YR2021,Papua New Guinea,PNG,..,..,..
2021,YR2021,Paraguay,PRY,..,..,..
2021,YR2021,Peru,PER,..,..,..
2021,YR2021,Philippines,PHL,..,..,..
2021,YR2021,Poland,POL,..,..,..
2021,YR2021,Portugal,PRT,..,..,..
2021,YR2021,Post-demographic dividend,PST,..,..,..
2021,YR2021,Pre-demographic dividend,PRE,..,..,..
2021,YR2021,Puerto Rico,PRI,..,..,..
2021,YR2021,Qatar,QAT,..,..,..
2021,YR2021,Romania,ROU,..,..,..
2021,YR2021,Russian Federation,RUS,..,..,..
2021,YR2021,Rwanda,RWA,..,..,..
2021,YR2021,Samoa,WSM,..,..,..
2021,YR2021,San Marino,SMR,..,..,..
2021,YR2021,Sao Tome and Principe,STP,..,..,..
2021,YR2021,Saudi Arabia,SAU,..,..,..
2021,YR2021,Senegal,SEN,..,..,..
2021,YR2021,Serbia,SRB,..,..,..
2021,YR2021,Seychelles,SYC,..,..,..
2021,YR2021,Sierra Leone,SLE,..,..,..
2021,YR2021,Singapore,SGP,..,..,..
2021,YR2021,Sint Maarten (Dutch part),SXM,..,..,..
2021,YR2021,Slovak Republic,SVK,..,..,..
2021,YR2021,Slovenia,SVN,..,..,..
2021,YR2021,Small states,SST,..,..,..
2021,YR2021,Solomon Islands,SLB,..,..,..
2021,YR2021,Somalia,SOM,..,..,..
2021,YR2021,South Africa,ZAF,..,..,..
2021,YR2021,South Asia,SAS,..,..,..
2021,YR2021,South Asia (IDA & IBRD),TSA,..,..,..
2021,YR2021,South Sudan,SSD,..,..,..
2021,YR2021,Spain,ESP,..,..,..
2021,YR2021,Sri Lanka,LKA,..,..,..
2021,YR2021,St. Kitts and Nevis,KNA,..,..,..
2021,YR2021,St. Lucia,LCA,..,..,..
2021,YR2021,St. Martin (French part),MAF,..,..,..
2021,YR2021,St. Vincent and the Grenadines,VCT,..,..,..
2021,YR2021,Sub-Saharan Africa,SSF,..,..,..
2021,YR2021,Sub-Saharan Africa (excluding high income),SSA,..,..,..
2021,YR2021,Sub-Saharan Africa (IDA & IBRD countries),TSS,..,..,..
2021,YR2021,Sudan,SDN,..,..,..
2021,YR2021,Suriname,SUR,..,..,..
2021,YR2021,Sweden,SWE,..,..,..
2021,YR2021,Switzerland,CHE,..,..,..
2021,YR2021,Syrian Arab Republic,SYR,..,..,..
2021,YR2021,Tajikistan,TJK,..,..,..
2021,YR2021,Tanzania,TZA,..,..,..
2021,YR2021,Thailand,THA,..,..,..
2021,YR2021,Timor-Leste,TLS,..,..,..
2021,YR2021,Togo,TGO,..,..,..
2021,YR2021,Tonga,TON,..,..,..
2021,YR2021,Trinidad and Tobago,TTO,..,..,..
2021,YR2021,Tunisia,TUN,..,..,..
2021,YR2021,Turkey,TUR,..,..,..
2021,YR2021,Turkmenistan,TKM,..,..,..
2021,YR2021,Turks and Caicos Islands,TCA,..,..,..
2021,YR2021,Tuvalu,TUV,..,..,..
2021,YR2021,Uganda,UGA,..,..,..
2021,YR2021,Ukraine,UKR,..,..,..
2021,YR2021,United Arab Emirates,ARE,..,..,..
2021,YR2021,United Kingdom,GBR,..,..,..
2021,YR2021,United States,USA,..,..,..
2021,YR2021,Upper middle income,UMC,..,..,..
2021,YR2021,Uruguay,URY,..,..,..
2021,YR2021,Uzbekistan,UZB,..,..,..
2021,YR2021,Vanuatu,VUT,..,..,..
2021,YR2021,"Venezuela, RB",VEN,..,..,..
2021,YR2021,Vietnam,VNM,..,..,..
2021,YR2021,Virgin Islands (U.S.),VIR,..,..,..
2021,YR2021,West Bank and Gaza,PSE,..,..,..
2021,YR2021,World,WLD,..,..,..
2021,YR2021,"Yemen, Rep.",YEM,..,..,..
2021,YR2021,Zambia,ZMB,..,..,..
2021,YR2021,Zimbabwe,ZWE,..,..,..
,,,,,,
,,,,,,
,,,,,,
Data from database: Health Nutrition and Population Statistics,,,,,,
Last Updated: 02/16/2022,,,,,,
